CS167,Distributed Systems,CS157
CS154,Algorithms,CS153
CS181,Cyber-Physical Systems,CS180
CS174,Bioinformatics,CS170
CS172,Compiler Design,CS154
CS159,Web Development,CS152
CS176,Virtual Reality,CS169
CS170,Big Data Analytics,CS156
CS163,Computer Graphics,CS152
CS155,Software Engineering,CS154
CS179,Blockchain Technology,CS166
CS164,Human-Computer Interaction,CS152
CS177,Augmented Reality,CS176
CS166,Cloud Computing,CS157
CS153,Data Structures,CS152
CS168,Parallel Computing,CS167
CS156,Database Systems,CS153
CS157,Operating Systems,CS154
CS151,Introduction to Programming,,
CS178,Natural Language Processing,CS161
CS171,Digital Signal Processing,CS154
CS158,Computer Networks,CS157
CS160,Cybersecurity,CS157
CS161,Machine Learning,CS154
CS173,Quantum Computing,CS168
CS175,Robotics,CS162
CS162,Artificial Intelligence,CS161
CS180,Internet of Things,CS166
CS165,Mobile Application Development,CS159
CS169,Game Development,CS163
CS152,Advanced Programming,CS151